R,T, ,@,r,e,v,i,e,w,j,o,u,r,n,a,l,:, ,T,h,e, ,c,a,s,i,n,o, ,c,a,g,e, ,a,t, ,G,o,l,d, ,C,o,a,s,t, ,w,a,s, ,r,o,b,b,e,d, ,W,e,d,n,e,s,d,a,y, ,n,i,g,h,t,",", ,p,o,l,i,c,e, ,s,a,i,d,., ,h,t,t,p,s,:,/,/,t,.,c,o,/,B,3,9,i,0,v,D,c,9,q
R,T, ,@,c,c,o,8,2,2,6,:, ,@,T,h,e,H,e,r,l,e,B,u,r,l,y, ,h,t,t,p,s,:,/,/,t,.,c,o,/,5,N,d,s,P,1,Q,C,W,H
N,E,W, ,O,r,g,a,n,i,z,e,d, ,C,r,i,m,e, ,o,n, ,N,B,C,:, ,',W,h,i,p,p,i,n,g, ,P,o,s,t,', ,-, ,W,h,e,n, ,P,e,a,r,l, ,f,a,l,l,s, ,m,y,s,t,e,r,i,o,u,s,l,y, ,i,l,l,",", ,t,h,e, ,t,a,s,k, ,f,o,r,c,e, ,i,s, ,d,r,a,g,g,e,d, ,b,a,c,k, ,i,n,t,o, ,t,h,e, ,c,o,r,r,u,p,t,i,o,n, ,o,f, ,N,e,w, ,Y,o,r,k,',s, ,f,i,r,s,t, ,c,a,s,i,n,o, ,d,e,v,e,l,o,p,m,e,n,t,;, ,B,e,l,l, ,t,r,i,e,s, ,t,o, ,k,e,e,p, ,r,u,m,o,r,s, ,f,r,o,m, ,s,w,i,r,l,i,n,g, ,w,h,e,n, ,a,n, ,i,.,.
R,T, ,@,r,e,v,i,e,w,j,o,u,r,n,a,l,:, ,T,h,e, ,c,a,s,i,n,o, ,c,a,g,e, ,a,t, ,G,o,l,d, ,C,o,a,s,t, ,w,a,s, ,r,o,b,b,e,d, ,W,e,d,n,e,s,d,a,y, ,n,i,g,h,t,",", ,p,o,l,i,c,e, ,s,a,i,d,., ,h,t,t,p,s,:,/,/,t,.,c,o,/,B,3,9,i,0,v,D,c,9,q
R,T, ,@,c,c,o,8,2,2,6,:, ,@,T,h,e,H,e,r,l,e,B,u,r,l,y, ,h,t,t,p,s,:,/,/,t,.,c,o,/,5,N,d,s,P,1,Q,C,W,H
@,T,h,e,H,e,r,l,e,B,u,r,l,y, ,h,t,t,p,s,:,/,/,t,.,c,o,/,5,N,d,s,P,1,Q,C,W,H
R,T, ,@,r,e,v,i,e,w,j,o,u,r,n,a,l,:, ,T,h,e, ,c,a,s,i,n,o, ,c,a,g,e, ,a,t, ,G,o,l,d, ,C,o,a,s,t, ,w,a,s, ,r,o,b,b,e,d, ,W,e,d,n,e,s,d,a,y, ,n,i,g,h,t,",", ,p,o,l,i,c,e, ,s,a,i,d,., ,h,t,t,p,s,:,/,/,t,.,c,o,/,B,3,9,i,0,v,D,c,9,q
@,k,a,d,a,m,s,1,9,0, ,W,h,y, ,d,o, ,y,o,u, ,t,h,i,n,k, ,t,h,e, ,T,r,u,m,p, ,O,r,g,a,n,i,z,a,t,i,o,n, ,i,s, ,o,n, ,t,r,i,a,l, ,i,n, ,t,h,e, ,s,t,a,t,e, ,o,f, ,N,e,w, ,Y,o,r,k,?, ,A,n,d, ,t,h,e, ,c,a,s,i,n,o, ,i,n,d,u,s,t,r,y, ,h,a,s, ,l,o,n,g, ,b,e,e,n, ,i,n,f,i,l,t,r,a,t,e,d, ,a,n,d,",", ,i,n, ,s,o,m,e, ,c,a,s,e,s,",", ,e,v,e,n, ,c,o,n,t,r,o,l,l,e,d, ,b,y, ,o,r,g,a,n,i,z,e,d, ,c,r,i,m,e,.
@,B,a,d,h,a,n,d,H,a,n,a,b,i, ,@,R,a,y,D,u,r,y,e,a, ,@,T,e,r,e,s,a,l,e,o,T,e,r,e,s,a, ,@,S,t,e,v,e,n,B,e,s,c,h,l,o,s,s, ,O,k,.,.,.,., ,T,r,u,m,p, ,h,a,s, ,b,e,e,n, ,f,o,u,n,d, ,g,u,i,l,t,y, ,o,f, ,"""",c,r,i,m,e,s,"""",",", ,f,o,r, ,w,h,i,c,h, ,h,e, ,w,a,s, ,f,i,n,e,d,",", ,f,o,r, ,d,e,c,a,d,e,s,., ,W,h,i,t,e,-,c,o,l,l,a,r, ,c,r,i,m,e,.,"
","
",I,t, ,i,s, ,m,y, ,"""",o,p,i,n,i,o,n,"""", ,t,h,a,t, ,s,o,m,e, ,o,f, ,t,h,e,s,e, ,c,r,i,m,e,s,",", ,l,i,k,e, ,w,i,l,l,f,u,l,l,y, ,l,a,u,n,d,e,r,i,n,g, ,m,o,n,e,y, ,t,h,r,o,u,g,h, ,h,i,s, ,c,a,s,i,n,o,",", ,s,h,o,u,l,d, ,h,a,v,e, ,l,a,n,d,e,d, ,h,i,m, ,i,n, ,j,a,i,l,.,"
",I,t, ,i,s, ,m,y, ,"""",o,p,i,n,i,o,n,"""", ,t,h,a,t, ,h,i,s, ,d,e,f,e,n,s,e, ,i,s, ,B,S,.
R,T, ,@,r,e,v,i,e,w,j,o,u,r,n,a,l,:, ,T,h,e, ,c,a,s,i,n,o, ,c,a,g,e, ,a,t, ,G,o,l,d, ,C,o,a,s,t, ,w,a,s, ,r,o,b,b,e,d, ,W,e,d,n,e,s,d,a,y, ,n,i,g,h,t,",", ,p,o,l,i,c,e, ,s,a,i,d,., ,h,t,t,p,s,:,/,/,t,.,c,o,/,B,3,9,i,0,v,D,c,9,q
R,T, ,@,S,a,d,G,i,a,n,t,s,F,a,n,5,6,:, ,@,X,b,o,x,M,u,r,d,a, ,@,W,a,r,i,o,6,4, ,I,t,',s, ,a, ,c,r,i,m,e, ,a,l,m,o,s,t, ,e,v,e,r,y, ,s,p,o,r,t,s, ,g,a,m,e, ,i,s,n,',t, ,f,2,p,., ,T,h,e, ,o,n,l,y, ,o,n,e, ,t,h,a,t, ,I,',v,e, ,p,l,a,y,e,d, ,t,h,a,t, ,a,c,t,u,a,l,l,y, ,d,o,e,s, ,t,‚Ä¶
@,d,i,s,c,l,o,s,e,t,v, ,I,n,v,e,s,t,i,g,a,t,e, ,h,i,s, ,c,a,s,i,n,o, ,d,e,a,l,i,n,g,s, ,w,i,t,h, ,B,r,a,z,i,l, ,w,h,i,l,e, ,h,e, ,w,a,s, ,V,P, ,u,n,d,e,r, ,O,b,a,m,a,., ,T,h,a,t,',s, ,a, ,c,r,i,m,e,.
R,T, ,@,B,i,g,T,a,f,f,M,a,n,:, ,A, ,n,e,w, ,c,a,s,i,n,o, ,o,p,e,n,e,d, ,o,n, ,@,Q,u,i,e,t,C,i,t,y,R,P, ,t,o,d,a,y,., ,U,n,f,o,r,t,u,n,a,t,e,l,y, ,t,h,a,t,s, ,l,e,a,d, ,t,o, ,R,a,l,p,h, ,g,o,i,n,g, ,b,r,o,k,e,., ,I, ,n,e,e,d, ,2,5,k, ,b,y, ,M,o,n,d,a,y,",", ,o,r, ,m,y, ,r,e,c,o,r,‚Ä¶
R,T, ,@,B,i,g,T,a,f,f,M,a,n,:, ,A, ,n,e,w, ,c,a,s,i,n,o, ,o,p,e,n,e,d, ,o,n, ,@,Q,u,i,e,t,C,i,t,y,R,P, ,t,o,d,a,y,., ,U,n,f,o,r,t,u,n,a,t,e,l,y, ,t,h,a,t,s, ,l,e,a,d, ,t,o, ,R,a,l,p,h, ,g,o,i,n,g, ,b,r,o,k,e,., ,I, ,n,e,e,d, ,2,5,k, ,b,y, ,M,o,n,d,a,y,",", ,o,r, ,m,y, ,r,e,c,o,r,‚Ä¶
N,E,W,:, ,L,a,s, ,V,e,g,a,s, ,p,o,l,i,c,e, ,c,o,n,f,i,r,m, ,t,h,e,y,',r,e, ,i,n,v,e,s,t,i,g,a,t,i,n,g, ,a, ,r,o,b,b,e,r,y, ,o,f, ,a, ,b,u,s,i,n,e,s,s, ,o,n, ,F,l,a,m,i,n,g,o, ,R,o,a,d,",", ,w,e,s,t, ,o,f, ,t,h,e, ,S,t,r,i,p,., ,"
",h,t,t,p,s,:,/,/,t,.,c,o,/,u,3,C,Z,S,r,F,e,N,B
R,T, ,@,r,e,v,i,e,w,j,o,u,r,n,a,l,:, ,T,h,e, ,c,a,s,i,n,o, ,c,a,g,e, ,a,t, ,G,o,l,d, ,C,o,a,s,t, ,w,a,s, ,r,o,b,b,e,d, ,W,e,d,n,e,s,d,a,y, ,n,i,g,h,t,",", ,p,o,l,i,c,e, ,s,a,i,d,., ,h,t,t,p,s,:,/,/,t,.,c,o,/,B,3,9,i,0,v,D,c,9,q
A, ,n,e,w, ,c,a,s,i,n,o, ,o,p,e,n,e,d, ,o,n, ,@,Q,u,i,e,t,C,i,t,y,R,P, ,t,o,d,a,y,., ,U,n,f,o,r,t,u,n,a,t,e,l,y, ,t,h,a,t,s, ,l,e,a,d, ,t,o, ,R,a,l,p,h, ,g,o,i,n,g, ,b,r,o,k,e,., ,I, ,n,e,e,d, ,2,5,k, ,b,y, ,M,o,n,d,a,y,",", ,o,r, ,m,y, ,r,e,c,o,r,d, ,w,o,n,t, ,b,e, ,c,l,e,a,n,e,d,., ,"
","
",W,h,a,t,s, ,a, ,m,a,n, ,t,o, ,d,o,?, ,L,e,g,a,l, ,w,o,r,k, ,o,r, ,c,r,i,m,e,?,"
","
",L,I,V,E, ,A,T, ,h,t,t,p,s,:,/,/,t,.,c,o,/,n,v,r,6,w,K,r,n,8,9
R,T, ,@,r,e,v,i,e,w,j,o,u,r,n,a,l,:, ,T,h,e, ,c,a,s,i,n,o, ,c,a,g,e, ,a,t, ,G,o,l,d, ,C,o,a,s,t, ,w,a,s, ,r,o,b,b,e,d, ,W,e,d,n,e,s,d,a,y, ,n,i,g,h,t,",", ,p,o,l,i,c,e, ,s,a,i,d,., ,h,t,t,p,s,:,/,/,t,.,c,o,/,B,3,9,i,0,v,D,c,9,q
@,J,i,m,_,J,o,r,d,a,n, ,h,t,t,p,s,:,/,/,t,.,c,o,/,M,D,d,v,p,B,m,o,y,t, ,"""",T,r,u,m,p, ,T,a,j, ,M,a,h,a,l, ,r,e,c,e,i,v,e,d, ,m,a,n,y, ,w,a,r,n,i,n,g,s, ,a,b,o,u,t, ,i,t,s, ,d,e,f,i,c,i,e,n,c,i,e,s,",","""", ,s,a,i,d, ,F,i,n,C,E,N, ,D,i,r,e,c,t,o,r, ,J,e,n,n,i,f,e,r, ,S,h,a,s,k,y, ,C,a,l,v,e,r,y,., ,"""",L,i,k,e, ,a,l,l, ,c,a,s,i,n,o,s, ,i,n, ,t,h,i,s, ,c,o,u,n,t,r,y,",", ,T,r,u,m,p, ,T,a,j, ,M,a,h,a,l, ,h,a,s, ,a, ,d,u,t,y, ,t,o, ,h,e,l,p, ,p,r,o, ,a,n,d, ,o,t,h,e,r, ,b,a,d, ,a,c,t,o,r,s,., ,M,o,n,e,y, ,l,a,u,n,d,e,r,i,n,g, ,i,s, ,a, ,s,e,r,i,o,u,s, ,c,r,i,m,e,""""
S,t,a,t,i,s,t,i,c,a,l, ,d,a,t,a, ,a,r,e, ,a,l,r,e,a,d,y, ,a,v,a,i,l,a,b,l,e,",", ,n,o,w, ,j,o,u,r,n,a,l,i,s,m, ,w,i,l,l, ,p,l,a,y, ,i,t,s, ,p,a,r,t,., ,#,M,a,l,t,a, ,p,r,e,s,s, ,i,s, ,v,e,r,y, ,s,l,o,w,.,"
","
",#,p,r,a,g,m,a,t,i,c,p,l,a,y, , ,#,m,a,l,t,a, ,#,s,o,u,t,h,a,m,e,r,i,c,a, ,#,s,t,a,k,e, ,#,c,a,s,i,n,o, ,#,u,s,a, ,#,u,e, ,#,C,O,P,2,7, ,#,f,r,a,u,d, ,#,c,r,i,m,e, ,#,s,l,o,t,s, ,#,c,a,s,i,n,o,s,l,o,t, ,#,o,n,l,i,n,e,c,a,s,i,n,o, ,#,m,a,d,a,m,e,f,r,a,u,d,u,l,e,n,t
R,T, ,@,r,e,v,i,e,w,j,o,u,r,n,a,l,:, ,T,h,e, ,c,a,s,i,n,o, ,c,a,g,e, ,a,t, ,G,o,l,d, ,C,o,a,s,t, ,w,a,s, ,r,o,b,b,e,d, ,W,e,d,n,e,s,d,a,y, ,n,i,g,h,t,",", ,p,o,l,i,c,e, ,s,a,i,d,., ,h,t,t,p,s,:,/,/,t,.,c,o,/,B,3,9,i,0,v,D,c,9,q
T,h,e, ,c,a,s,i,n,o, ,c,a,g,e, ,a,t, ,G,o,l,d, ,C,o,a,s,t, ,w,a,s, ,r,o,b,b,e,d, ,W,e,d,n,e,s,d,a,y, ,n,i,g,h,t,",", ,p,o,l,i,c,e, ,s,a,i,d,., ,h,t,t,p,s,:,/,/,t,.,c,o,/,B,3,9,i,0,v,D,c,9,q
@,E,l,l,y,V,t,u,b,e,r, ,L,u,c,k, ,b,u,f,f, ,f,r,o,m, ,t,h,e, ,r,e,n,o,w,n,e,d, ,E,l,l,y, ,t,h,e, ,c,r,i,m,e, ,b,o,s,s,?, ,M,i,g,h,t, ,a,s, ,w,e,l,l, ,c,l,o,s,e, ,t,h,e, ,c,a,s,i,n,o, ,b,e,c,a,u,s,e, ,I,‚Äô,m, ,a,b,o,u,t, ,t,o, ,w,i,n, ,B,I,G,!
@,E,C,R,e,p,M,a,l,t,a, ,W,h,a,t, ,i,s, ,y,o,u,r, ,p,o,s,i,t,i,o,n, ,r,e,g,a,r,d,i,n,g, ,f,r,a,u,d,u,l,e,n,t, ,c,o,m,p,a,n,i,e,s, ,b,a,s,e,d, ,i,n, ,M,a,l,t,a,?,"
","
",T,h,e,r,e, ,i,s, ,a, ,c,o,m,p,a,n,y, ,c,a,l,l,e,d, ,p,r,a,g,m,a,t,i,c, ,p,l,a,y, ,t,h,a,t, ,i,s, ,r,o,b,b,i,n,g, ,h,u,n,d,r,e,d,s, ,o,f, ,p,e,o,p,l,e, ,d,a,i,l,y, ,w,i,t,h, ,f,i,n,a,n,c,i,a,l, ,f,r,a,u,d, ,i,n, ,c,a,s,i,n,o, ,o,n,l,i,n,e,., ,E,g,., ,t,h,e,y, ,d,i,d, ,i,t, ,o,n, ,s,t,a,k,e, ,p,l,a,t,f,o,r,m, ,"
","
",#,e,u, ,#,o,n,u, ,#,s,t,a,k,e, ,#,s,l,o,t,s, ,#,c,a,s,i,n,o,o,n,l,i,n,e, ,#,e,u,a, ,#,c,r,i,m,e
@,D,O,I,m,a,l,t,a, ,W,h,a,t, ,a,r,e, ,y,o,u, ,d,o,i,n,g, ,t,o, ,f,i,g,h,t, ,a,g,a,i,n,s,t, ,f,i,n,a,n,c,i,a,l, ,c,r,i,m,e,s,?, ,P,r,a,g,m,a,t,i,c, ,p,l,a,y, ,i,s, ,a, ,c,o,m,p,a,n,y, ,b,a,s,e,d, ,i,n, ,M,a,l,t,a, ,a,n,d, ,t,h,e,y, ,a,r,e, ,c,h,e,a,t,i,n,g, ,h,u,n,d,r,e,d,s, ,o,f, ,p,e,o,p,l,e, ,w,h,o, ,u,s,e, ,t,h,e, ,S,t,a,k,e, ,p,l,a,t,f,o,r,m, ,t,h,r,o,u,g,h, ,r,i,g,g,e,d, ,s,l,o,t,s,.,"
","
",#,f,r,a,u,d, ,#,c,r,i,m,e, ,#,m,o,n,e,y, ,#,u,s,a, ,#,m,a,l,t,a, ,#,u,e, ,#,c,a,s,i,n,o, ,#,c,a,s,i,n,o,o,n,l,i,n,e, ,#,m,a,d,a,m,e,f,r,a,u,d,u,l,e,n,t
L,o,t,s, ,o,f, ,d,a,t,a, ,a,v,a,i,l,a,b,l,e, ,j,u,s,t, ,w,a,i,t,i,n,g, ,f,o,r, ,j,o,u,r,n,a,l,i,s,m, ,i,n, ,M,a,l,t,a, ,t,o, ,i,n,v,e,s,t,i,g,a,t,e, ,t,h,e, ,f,r,a,u,d, ,a,n,d, ,f,o,r,c,e, ,p,u,b,l,i,c, ,o,p,i,n,i,o,n,., ,F,r,a,u,d,u,l,e,n,t, ,p,r,o,v,i,d,e,r,s, ,l,i,k,e, ,p,r,a,g,m,a,t,i,c, ,p,l,a,y, ,h,a,r,m, ,n,o,t, ,o,n,l,y, ,o,n,l,i,n,e, ,c,a,s,i,n,o, ,e,c,o,s,y,s,t,e,m,",", ,b,u,t, ,f,i,n,a,n,c,i,a,l,l,y, ,i,n, ,g,e,n,e,r,a,l,.,"
","
",#,m,a,l,t,a, ,#,u,e, ,#,s,t,a,k,e, ,#,p,r,a,g,m,a,t,i,c,f,r,a,u,d, ,#,c,r,i,m,e, ,#,f,i,n,a,n,c,i,a,l, ,#,s,l,o,t,s
@,S,t,a,k,e,B,o,n,u,s,T,i,p,s, ,p,r,a,g,m,a,t,i,c, ,p,l,a,y, ,s,t,o,l,e, ,h,u,n,d,r,e,d,s, ,o,f, ,u,s,e,r,s, ,o,n, ,t,h,e, ,s,t,a,k,e, ,p,l,a,t,f,o,r,m, ,t,h,r,o,u,g,h, ,f,r,a,u,d,u,l,e,n,t, ,s,l,o,t,s,.,"
","
",#,p,r,a,g,m,a,t,i,c,f,r,a,u,d, ,#,s,t,a,k,e, ,#,s,l,o,t,s, ,#,c,a,s,i,n,o, ,#,c,a,s,i,n,o,s,l,o,t, ,#,u,s,a, ,#,u,e, ,#,C,O,P,2,7, ,#,f,i,n,a,n,c,i,a,l,c,r,i,m,e, ,#,C,r,i,m,e, ,#,r,i,g,g,e,d, ,#,m,a,n,i,p,u,l,a,t,i,o,n, ,#,c,r,y,p,t,o, ,#,b,t,c, ,#,f,r,a,u,d, ,#,c,a,s,i,n,o,s
@,H,P,D,P,m,a,l,t,a, ,W,h,a,t, ,a,r,e, ,y,o,u, ,d,o,i,n,g, ,t,o, ,f,i,g,h,t, ,f,i,n,a,n,c,i,a,l, ,c,r,i,m,e,s,?, ,P,r,a,g,m,a,t,i,c, ,p,l,a,y, ,i,s, ,a, ,c,o,m,p,a,n,y, ,b,a,s,e,d, ,i,n, ,m,a,l,t,a, ,a,n,d, ,t,h,e,y, ,a,r,e, ,d,e,f,r,a,u,d,i,n,g, ,h,u,n,d,r,e,d,s, ,o,f, ,p,e,o,p,l,e, ,w,h,o, ,u,s,e, ,t,h,e, ,s,t,a,k,e, ,p,l,a,t,f,o,r,m, ,t,h,r,o,u,g,h, ,r,i,g,g,e,d, ,s,l,o,t,s,.,"
","
",#,f,r,a,u,d, ,#,c,r,i,m,e, ,#,m,o,n,e,y, ,#,u,s,a, ,#,m,a,l,t,a, ,#,u,e, ,#,c,a,s,i,n,o, ,#,c,a,s,i,n,o,o,n,l,i,n,e, ,#,m,a,d,a,m,e,f,r,a,u,d,u,l,e,n,t
@,E,C,R,e,p,M,a,l,t,a, ,W,h,a,t, ,a,r,e, ,y,o,u, ,d,o,i,n,g, ,t,o, ,f,i,g,h,t, ,a,g,a,i,n,s,t, ,f,i,n,a,n,c,i,a,l, ,c,r,i,m,e,s,?, ,P,r,a,g,m,a,t,i,c, ,p,l,a,y, ,i,s, ,a, ,c,o,m,p,a,n,y, ,b,a,s,e,d, ,i,n, ,M,a,l,t,a, ,a,n,d, ,t,h,e,y, ,a,r,e, ,c,h,e,a,t,i,n,g, ,h,u,n,d,r,e,d,s, ,o,f, ,p,e,o,p,l,e, ,w,h,o, ,u,s,e, ,t,h,e, ,S,t,a,k,e, ,p,l,a,t,f,o,r,m, ,t,h,r,o,u,g,h, ,r,i,g,g,e,d, ,s,l,o,t,s,.,"
","
",#,f,r,a,u,d, ,#,c,r,i,m,e, ,#,m,o,n,e,y, ,#,u,s,a, ,#,m,a,l,t,a, ,#,u,e, ,#,c,a,s,i,n,o, ,#,c,a,s,i,n,o,o,n,l,i,n,e, ,#,m,a,d,a,m,e,f,r,a,u,d,u,l,e,n,t
L,a,s, ,V,e,g,a,s, ,c,a,s,i,n,o, ,c,a,g,e, ,r,o,b,b,e,d, ,h,t,t,p,s,:,/,/,t,.,c,o,/,v,4,a,Z,i,y,d,b,Q,n
@,T,h,a,t,E,r,i,c,A,l,p,e,r, ,A, ,m,o,b,/,c,r,i,m,e, ,m,o,v,i,e, ,i,s, ,c,e,r,t,a,i,n,l,y, ,t,h,e, ,a,n,s,w,e,r,., ,T,h,e, ,G,o,d,f,a,t,h,e,r,",", ,G,o,o,d,f,e,l,l,a,s,",", ,D,o,n,n,i,e, ,B,r,a,s,c,o,",", ,T,r,u,e, ,R,o,m,a,n,c,e,",", ,R,e,s,e,r,v,o,i,r, ,D,o,g,s,",", ,P,u,l,p, ,F,i,c,t,i,o,n,",", ,C,a,s,i,n,o,",", ,e,t,c,.,"
","
",W,e,',r,e, ,n,o,t, ,t,a,l,k,i,n,g, ,o,n,e, ,b,i,g, ,l,i,n,e,., ,E,a,c,h, ,o,f, ,t,h,e,s,e, ,h,a,s, ,m,u,l,t,i,p,l,e, ,m,e,m,o,r,a,b,l,e, ,q,u,o,t,e,s,.
h,t,t,p,s,:,/,/,t,.,c,o,/,t,5,D,4,R,R,x,r,0,G, ,w,o,n,d,e,r, ,i,f, ,K,a,t,h,y, ,H,o,c,h,u,l, ,h,a,s, ,a,n,y, ,d,a,t,a, ,a,s, ,t,o, ,t,h,e, ,c,o,r,r,e,l,a,t,i,o,n, ,b,e,t,w,e,e,n, ,g,a,m,b,l,i,n,g, ,a,d,d,i,c,t,i,o,n,",", ,h,o,m,e,l,e,s,s,n,e,s,",", ,c,r,i,m,e, ,&,a,m,p,;, ,p,o,v,e,r,t,y, ,i,n, ,#,N,e,w,Y,o,r,k,., ,M,a,y,b,e, ,h,e,r, ,h,u,s,b,a,n,d,",", ,t,h,e, ,C,a,s,i,n,o, ,C,o,n,g,l,o,m,e,r,a,t,e, ,C,o,n,c,e,s,s,i,o,n, ,T,y,c,o,o,n, ,m,i,g,h,t, ,k,n,o,w,., ,N,o,t,h,i,n,g, ,i,s, ,c,o,i,n,c,i,d,e,n,c,e, ,i,n, ,N,e,w, ,Y,o,r,k,.
T,h,e, ,n,e,w,s, ,h,a,s, ,b,e,e,n, ,b,r,o,u,g,h,t, ,t,o, ,y,o,u, ,b,y, ,t,h,e, ,V,i,k,k,i, ,a,n,d, ,V,a,n,c,e, ,C,a,s,i,n,o,., ,V,i,k,k,i, ,a,n,d, ,V,a,n,c,e,:, ,b,e, ,o,u,r, ,p,a,r,t,n,e,r,s, ,i,n, ,c,r,i,m,e,.
@,d,a,n,e,c,a,r,t,e,r,4,2, ,@,s,n,o,w,_,l,y,n,x, ,@,K,a,t,h,y,S,c,h,u,l,t,h,e,i,s, ,@,r,o,b,r,e,i,n,e,r, ,S,u,r,e,.,.,.,w,h,e,n, ,I, ,p,a,y, ,a, ,f,i,n,e, ,f,o,r, ,s,p,e,e,d,i,n,g,",", ,I, ,w,a,s,n,',t, ,b,r,e,a,k,i,n,g, ,t,h,e, ,l,a,w,.,.,"
",A,n,d, ,j,u,s,t, ,t,h,i,n,k,.,.,g,e,o,r,g,e, ,f,l,o,y,d, ,d,i,e,d, ,b,c, ,h,e, ,w,a,s, ,b,e,i,n,g, ,a,r,r,e,s,t,e,d, ,f,o,r, ,t,h,e, ,p,o,s,s,i,b,l,e, ,c,r,i,m,e, ,o,f, ,a, ,c,o,u,n,t,e,r,f,e,i,t, ,$,2,0, ,b,i,l,l,.,.,.,b,u,t, ,y,o,u, ,t,h,i,n,k, ,t,h,a,t, ,a, ,$,2,5,M, ,f,i,n,e, ,f,o,r, ,l,a,u,n,d,e,r,i,n,g, ,$,$, ,t,h,r,u, ,h,i,s, ,c,a,s,i,n,o, ,i,s,n,',t, ,a, ,c,r,i,m,e, ,b,c, ,h,e, ,d,i,d,n,t, ,g,o, ,t,o, ,j,a,i,l,., ,h,t,t,p,s,:,/,/,t,.,c,o,/,O,w,j,4,8,J,u,T,l,q
@,D,o,n,u,t,S,h,o,r,t,s, ,I,f, ,s,o,m,e,o,n,e, ,t,a,k,e,s, ,m,o,n,e,y, ,f,r,o,m, ,t,h,e, ,b,a,n,k, ,w,i,t,h,o,u,t, ,p,e,r,m,i,s,s,i,o,n, ,a,n,d, ,g,o,e,s, ,t,o, ,a, ,c,a,s,i,n,o, ,a,n,d, ,l,o,s,s,e,s, ,i,t, ,a,l,l,.,.,t,h,i,s, ,i,s, ,c,r,i,m,i,n,a,l, ,t,h,e,f,t,., , ,N,o,t, ,m,i,s,h,a,n,d,l,e,d,., , ,W,h,i,t,e, ,c,o,l,l,a,r, ,c,r,i,m,e, ,m,u,s,t, ,b,e, ,t,r,e,a,t,e,d, ,t,h,e, ,s,a,m,e, ,a,s, ,o,t,h,e,r, ,c,r,i,m,i,n,a,l,s, ,n,o, ,m,a,t,t,e,r, ,t,h,e,i,r, ,c,o,n,n,e,c,t,i,o,n,s, ,o,r, ,d,e,g,r,e,e,s,.
@,V,i,t,a,l,V,e,g,a,s, ,S,e,c,u,r,i,t,y, ,w,i,l,l, ,o,b,s,e,r,v,e, ,a,n,d, ,r,e,p,o,r,t, ,(,p,r,o,t,e,c,t, ,e,v,e,r,y,o,n,e, ,i,n,s,i,d,e,),",", ,s,u,r,v,e,i,l,l,a,n,c,e, ,c,a,m,e,r,a,s, ,w,i,l,l, ,c,a,p,t,u,r,e, ,f,o,o,t,a,g,e, ,(,i,n,s,i,d,e, ,t,h,e, ,C,a,s,i,n,o,",", ,o,u,t,s,i,d,e, ,w,h,e,r,e, ,s,u,s,p,e,c,t,(,s,), ,f,l,e,e, ,o,n, ,f,o,o,t,",", ,w,h,a,t, ,v,e,h,i,c,l,e, ,t,h,e,y, ,h,o,p, ,i,n,t,o,",", ,e,t,c,),",", ,L,o,m,b,a,r,d,o, ,w,a,n,t,s, ,t,o, ,b,e, ,t,o,u,g,h, ,o,n, ,c,r,i,m,e,?, ,p,r,o,v,e, ,i,t,!
R,T, ,@,R,i,l,e,y,G,M,a,t,t,h,e,w,s,:, ,@,V,i,t,a,l,V,e,g,a,s, ,h,t,t,p,s,:,/,/,t,.,c,o,/,L,q,u,R,O,J,a,5,G,F
L,a,s, ,V,e,g,a,s, ,c,a,s,i,n,o, ,c,a,g,e, ,r,o,b,b,e,d, ,h,t,t,p,s,:,/,/,t,.,c,o,/,S,W,B,m,L,3,a,r,t,c
@,X,b,o,x,M,u,r,d,a, ,@,W,a,r,i,o,6,4, ,I,t,',s, ,a, ,c,r,i,m,e, ,a,l,m,o,s,t, ,e,v,e,r,y, ,s,p,o,r,t,s, ,g,a,m,e, ,i,s,n,',t, ,f,2,p,., ,T,h,e, ,o,n,l,y, ,o,n,e, ,t,h,a,t, ,I,',v,e, ,p,l,a,y,e,d, ,t,h,a,t, ,a,c,t,u,a,l,l,y, ,d,o,e,s, ,t,h,e, ,o,n,l,i,n,e, ,t,e,a,m, ,w,e,l,l, ,i,s, ,T,h,e, ,S,h,o,w, ,s,i,n,c,e, ,y,o,u, ,d,o,n,',t, ,n,e,e,d, ,t,o, ,s,p,e,n,d, ,a,n,y, ,m,o,n,e,y, ,t,o, ,g,e,t, ,g,o,o,d, ,c,a,r,d,s,., ,2,K,",", ,M,a,d,d,e,n,",", ,a,n,d, ,F,I,F,A, ,a,r,e, ,s,t,r,a,i,g,h,t, ,u,p, ,c,a,s,i,n,o, ,g,a,m,e,s, ,w,i,t,h, ,a, ,s,p,o,r,t,s, ,c,l,o,a,k,.
@,V,i,t,a,l,V,e,g,a,s, ,h,t,t,p,s,:,/,/,t,.,c,o,/,L,q,u,R,O,J,a,5,G,F
L,a,s, ,V,e,g,a,s, ,c,a,s,i,n,o, ,c,a,g,e, ,r,o,b,b,e,d,., ,P,o,l,i,c,e, ,s,a,i,d, ,t,h,e, ,r,o,b,b,e,r,y, ,o,c,c,u,r,r,e,d, ,a,r,o,u,n,d, ,6,:,4,0, ,p,.,m,., ,h,t,t,p,s,:,/,/,t,.,c,o,/,Y,t,J,K,g,I,Y,s,Y,N, ,üëâ,W,i,l,l,i,a,m, ,N,a,s,h, ,‚òé,Ô∏è,7,0,2,-,3,8,9,-,7,1,8,1, ,üíº,S,.,0,1,9,6,3,7
@,B,M,e,i,s,e,l,a,s, ,#,T,r,u,m,p,I,s,D,o,n,e, ,H,o,p,e, ,t,h,e, ,f,o,l,l,o,w,e,r,s, ,o,f, ,t,h,i,s, ,b,r,o,k,e,n,-,d,o,w,n,/,w,r,e,c,k,e,d,-,s,o,u,l, ,s,h,e,l,l, ,o,f, ,a, ,m,a,n,",", ,r,a,p,i,s,t,",", ,r,a,c,i,s,t,",", ,e,m,b,e,z,z,l,e,r, ,o,f, ,c,h,i,l,d,r,e,n,',s, ,c,h,a,r,i,t,y, ,m,o,n,e,y,",", ,c,h,e,a,t,e,r, ,o,f, ,N,e,w, ,Y,o,r,k, ,c,o,n,t,r,a,c,t,o,r,s,",", ,o,r,g,a,n,i,z,e,d, ,c,r,i,m,e, ,c,a,s,i,n,o, ,m,o,n,e,y,-,l,a,u,n,d,e,r,e,r,",", ,a,d,u,l,t,e,r,o,u,s,",", ,d,r,a,f,t,-,d,o,d,g,i,n,g, ,p,u,t,i,n,',s, ,t,r,a,i,t,o,r, ,d,o,o,r,m,a,t, ,w,i,l,l, ,e,s,c,a,p,e, ,t,h,e, ,c,u,l,t, ,h,t,t,p,s,:,/,/,t,.,c,o,/,h,P,f,C,s,4,A,7,v,j
@,a,s,t,r,a,f,f,o,n, ,N,o,t, ,a,l,l,o,w,e,d, ,t,o, ,c,o,m,m,i,n,g,l,e, ,a, ,f,e,d,e,r,a,l, ,s,e,c,u,r,i,t,i,e,s, ,m,a,r,k,e,t, ,w,i,t,h, ,a, ,n,e,g,a,t,i,v,e, ,e,d,g,e, ,c,a,s,i,n,o, ,g,a,m,b,l,i,n,g, ,h,o,u,s,e, ,w,i,t,h,o,u,t, ,o,r,g,a,n,i,z,e,d, ,c,r,i,m,e, ,b,r,i,b,e,s, ,(,w,a,t,c,h, ,t,h,e, ,m,o,v,i,e, ,‚Äú,C,a,s,i,n,o,‚Äù,),., , ,N,o,t, ,a,l,l,o,w,e,d, ,t,o, ,o,p,e,r,a,t,e, ,B,u,c,k,e,t,s,h,o,p,s, ,t,h,a,t, ,l,i,m,i,t, ,/,b,a,n, ,w,i,n,n,e,r,s, ,a,s, ,p,r,i,n,c,i,p,a,l,s, ,i,n, ,c,o,n,t,r,a,c,t,s, ,(,r,e,a,d, ,l,a,s,t, ,1,0,0, ,y,e,a,r,s, ,o,f, ,f,e,d,e,r,a,l, ,l,a,w,)
W,u, ,d,e,n,i,e,s, ,a,n,y, ,w,r,o,n,g,d,o,i,n,g, ,a,n,d, ,c,l,a,i,m,s, ,t,h,e, ,m,o,n,e,y, ,t,r,a,n,s,f,e,r,r,e,d, ,t,o, ,h,i,s, ,s,a,f,e, ,i,s, ,h,i,s, ,o,w,n, ,a,n,d, ,w,a,s, ,o,b,t,a,i,n,e,d, ,t,h,r,o,u,g,h, ,#,g,a,m,b,l,i,n,g,., ,"
","
",R,E,A,D, ,M,O,R,E, ,H,E,R,E,:, ,h,t,t,p,s,:,/,/,t,.,c,o,/,G,c,J,f,C,a,p,6,t,v,"
","
",#,g,a,m,i,n,g, ,#,c,a,s,i,n,o, ,#,g,a,m,b,l,i,n,g,n,e,w,s, ,#,g,a,m,i,n,g,n,e,w,s, ,#,c,a,s,i,n,o,n,e,w,s, ,#,S,o,u,t,h,K,o,r,e,a, ,#,t,h,e,f,t, ,#,h,e,i,s,t, ,#,J,e,j,u,I,s,l,a,n,d, ,#,c,r,i,m,e
A, ,t,o,t,a,l, ,o,f, ,f,o,u,r, ,d,e,p,a,r,t,m,e,n,t,s, ,a,t, ,f,o,r,m,e,r, ,#,c,a,s,i,n,o, ,j,u,n,k,e,t, ,b,u,s,i,n,e,s,s, ,#,S,u,n,c,i,t,y,G,r,o,u,p, ,w,e,r,e, ,i,n,v,o,l,v,e,d, ,i,n, ,i,l,l,i,c,i,t, ,b,e,t, ,a,c,t,i,v,i,t,i,e,s, ,s,a,i,d, ,a, ,p,o,l,i,c,e, ,s,e,n,i,o,r, ,i,n,v,e,s,t,i,g,a,t,o,r,.,"
","
",R,E,A,D, ,M,O,R,E, ,H,E,R,E,:, ,h,t,t,p,s,:,/,/,t,.,c,o,/,l,r,8,f,c,j,Y,V,x,6,"
","
",#,M,a,c,a,u, ,#,l,a,w, ,#,c,r,i,m,e, ,#,p,o,l,i,c,e, ,#,g,a,m,b,l,i,n,g, ,#,b,e,t,t,i,n,g, ,#,c,a,s,i,n,o,n,e,w,s, ,#,g,a,m,b,l,i,n,g,n,e,w,s, ,#,b,e,t,t,i,n,g,n,e,w,s
#,c,a,s,i,n,o, ,#,C,a,s,i,n,o,c,a,s,e,"
",h,t,t,p,s,:,/,/,t,.,c,o,/,s,R,L,X,F,M,0,W,S,H
R,T, ,@,S,t,a,r,c,k,C,l,u,b,:, ,G,M,G, ,T,V, ,-, ,B,a,c,k, ,H,o,m,e, ,Y,e,a,r,s, ,A,g,o,:, ,T,h,e, ,R,e,a,l, ,C,a,s,i,n,o, ,(,F,U,L,L, ,M,O,V,I,E, ,I,N, ,E,N,G,L,I,S,H, ,|, ,M,a,f,i,a, ,|, ,T,r,u,e, ,C,r,i,m,e,), ,-, ,Y,o,u,T,u,b,e, ,h,t,t,p,s,:,/,/,t,.,c,o,/,c,P,m,a,l,w,8,E,H,Y
@,j,o,n,d,o,e,4,0,k, ,@,I,D,_,5,4,7,0,8, ,@,p,e,g,o,b,r,y, ,Y,o,u, ,m,e,a,n, ,o,r,g,a,n,i,z,e,d, ,c,r,i,m,e, ,a,s, ,a, ,l,a,b,e,l, ,f,o,r, ,m,a,f,i,a,",", ,n,o,t, ,o,r,g,a,n,i,z,e,d, ,c,r,i,m,e, ,a,s, ,a, ,g,r,o,u,p, ,o,f, ,p,e,o,p,l,e, ,a,s,s,a,s,i,n,a,t,i,n,g, ,h,e,a,d,s, ,o,f, ,s,t,a,t,e,.,"
",M,y, ,i,d,e,a, ,o,f, ,o,r,g,a,n,i,z,e,d, ,c,r,i,m,e, ,i,s, ,i,n,t,e,r,n,a,t,i,o,n,a,l, ,g,a,n,g,s,",", ,y,o,u,r, ,i,d,e,a, ,i,s, ,j,u,s,t, ,a, ,g,r,o,u,p, ,o,f, ,p,e,o,p,l,e, ,i,n, ,t,h,e, ,U,S,A,.,"
",R,e,m,e,m,b,e,r, ,t,h,e, ,s,c,e,n,e, ,w,h,e,n, ,t,h,e, ,l,o,c,a,l, ,N,e,v,a,d,a, ,b,o,y,s, ,s,h,o,w, ,u,p, ,i,n, ,C,a,s,i,n,o,?
P,e,n,n,s,y,l,v,a,n,i,a, ,S,t,a,t,e, ,P,o,l,i,c,e, ,h,a,v,e, ,i,d,e,n,t,i,f,i,e,d, ,a, ,m,a,n, ,s,u,s,p,e,c,t,e,d, ,o,f, ,t,a,k,i,n,g, ,o,v,e,r, ,$,1,",",2,0,0, ,f,r,o,m, ,H,o,l,l,y,w,o,o,d, ,C,a,s,i,n,o, ,Y,o,r,k, ,i,n, ,O,c,t,o,b,e,r,., ,h,t,t,p,s,:,/,/,t,.,c,o,/,R,b,v,6,C,H,8,M,x,9
üí•,P,r,e,m,i,e,r,i,n,g,!, , ,C,u,l,t,u,r,e, ,C,a,s,i,n,o, ,-, ,@,C,u,l,t,u,r,e,C,a,s,i,n,o, ,-, ,A,p,p,l,e, ,i,s, ,t,h,e, ,B,a,d, ,G,u,y, ,-, ,C,o,r,p, ,o,n, ,C,o,r,p, ,C,r,i,m,e, ,h,t,t,p,s,:,/,/,t,.,c,o,/,2,0,L,H,O,t,V,T,I,p, ,-, ,@,C,r,a,z,y,C,r,a,b,5, ,@,N,i,c,k,w,e,i,s,e,r, ,@,t,h,e,l,o,r,e,b,e,w,i,t,h,y,1, ,@,T,h,e,B,i,z,a,r,r,e,S,t,a,r, ,h,t,t,p,s,:,/,/,t,.,c,o,/,2,4,V,6,d,3,s,6,r,M
@,S,t,a,k,e,U,s,a, ,P,r,a,g,m,a,t,i,c, ,p,l,a,y, ,i,s, ,u,s,i,n,g, ,#,s,t,a,k,e, ,p,l,a,t,f,o,r,m, ,(,o,n,l,i,n,e, ,c,a,s,i,n,o,), ,t,o, ,s,t,e,a,l, ,m,o,n,e,y, ,f,r,o,m, ,p,e,o,p,l,e, ,w,h,o, ,p,l,a,y, ,t,h,e,r,e,., ,T,h,e,y, ,h,a,v,e, ,a, ,l,o,t, ,o,f, ,#,r,i,g,g,e,d, ,s,l,o,t,s, ,a,n,d, ,u,s,i,n,g, ,i,t,., ,"
","
",#,f,r,a,u,d, ,#,c,r,i,m,e, ,#,c,r,i,m,i,n,a,l, ,#,p,r,a,g,m,a,t,i,c,p,l,a,y, ,#,c,a,s,i,n,o, ,#,s,l,o,t, ,#,f,t,x, ,#,f,t,t, ,#,u,s,a, ,#,e,u,a, , ,#,m,a,n,i,p,u,l,a,t,i,o,n
@,k,k,f,l,a,7,3,7, ,@,n,t,x,n,t,x,3, ,O,n,e, ,e,x,c,e,p,t,i,o,n, ,t,o, ,S,a,w,y,e,r,',s, ,t,o,u,g,h, ,o,n, ,o,r,g,a,n,i,z,e,d, ,c,r,i,m,e, ,v,i,e,w,s, ,w,a,s, ,t,h,e, ,f,a,c,t, ,s,o,m,e, ,v,e,r,y, ,h,i,g,h, ,p,r,o,f,i,l,e, ,m,o,b, ,f,i,g,u,r,e,s, ,l,i,k,e, ,M,o,e, ,D,a,l,i,t,z, ,e,s,t,a,b,l,i,s,h,e,d, ,t,h,e,m,s,e,l,v,e,s, ,i,n, ,n,o,n, ,c,a,s,i,n,o, ,b,u,s,i,n,e,s,s,e,s, ,a,n,d, ,p,h,i,l,a,n,t,h,r,o,p,h,y, ,D,a,l,i,t,z, ,b,e,i,n,g, ,t,h,e, ,l,e,a,d, ,f,i,g,u,r,e, ,b,e,h,i,n,d, ,L,V,',s, ,l,a,r,g,e,s,t, ,h,o,s,p,i,t,a,l, ,a,n,d, ,c,o,n,v,e,n,t,i,o,n, ,c,e,n,t,e,r,.
R,T, ,@,B,B,n,o,t,I,N,y,o,u,r,A,R,E,A,:, ,T,H,I,S, ,I,S, ,M,Y, ,D,A,I,L,Y, ,R,E,M,I,N,D,E,R, ,T,H,A,T, ,R,I,',S, ,O,N,L,Y, ,C,R,I,M,E, , ,I,S, ,S,P,E,N,D,I,N,G, ,H,I,S, ,C,A,S,I,N,O, ,C,H,I,P,S,., ,h,t,t,p,s,:,/,/,t,.,c,o,/,Y,E,a,o,J,Y,B,I,b,B
F,o,r,m,e,r, ,M,a,s,s,., ,t,r,i,b,a,l, ,l,e,a,d,e,r, ,s,e,n,t,e,n,c,e,d, ,i,n, ,c,a,s,i,n,o, ,b,r,i,b,e,r,y, ,c,a,s,e, ,h,t,t,p,s,:,/,/,t,.,c,o,/,A,k,H,L,Q,j,c,V,s,F
S,o,n, ,S,u,k,k,u, ,w,h,o,',v,e, ,p,l,a,y,e,d, ,c,h,a,r,a,c,t,e,r, ,a,s, ,O,h, ,S,e,u,n,g,h,o,o,n,",", ,p,o,l,i,c,e, ,o,f,f,i,c,e,r, ,o,f, ,C,I,D,G, ,(,C,r,i,m,e, ,I,n,v,e,s,t,i,g,a,t,i,o,n, ,a,n,d, ,D,e,t,e,c,t,i,o,n, ,G,r,o,u,p,),",", ,b,e,g,i,n,s, ,t,h,e, ,f,i,n,a,l, ,i,n,v,e,s,t,i,g,a,t,i,o,n, ,t,h,a,t, ,s,a,v,e,d, ,h,i,s, ,l,i,f,e,!,"
","
",2,0,2,2, ,D,i,s,n,e,y,+,',s, ,m,o,s,t, ,a,n,t,i,c,i,p,a,t,e,d, ,s,e,r,i,e,s, ,&,l,t,;,C,a,s,i,n,o,&,g,t,;, ,w,i,l,l, ,b,e, ,r,e,l,e,a,s,e,d, ,o,n, ,D,e,c,e,m,b,e,r, ,2,1,s,t,., ,O,n,l,y, ,o,n, ,D,i,s,n,e,y,+,!, ,h,t,t,p,s,:,/,/,t,.,c,o,/,y,E,6,7,g,e,l,z,R,g
R,T, ,@,t,w,i,n,k,i,s,a,i,l,e,r,:, ,I,s, ,c,r,i,m,e, ,w,r,a,p,p,e,d, ,i,n, ,p,o,n,z,i, ,w,r,a,p,p,e,d, ,i,n, ,c,a,s,i,n,o,",", ,s,o,l,d, ,a,s, ,t,e,c,h,n,o,l,o,g,y,.,"
",I,t,',s, ,a, ,f,u,g,a,z,i,.
R,T, ,@,t,w,i,n,k,i,s,a,i,l,e,r,:, ,I,s, ,c,r,i,m,e, ,w,r,a,p,p,e,d, ,i,n, ,p,o,n,z,i, ,w,r,a,p,p,e,d, ,i,n, ,c,a,s,i,n,o,",", ,s,o,l,d, ,a,s, ,t,e,c,h,n,o,l,o,g,y,.,"
",I,t,',s, ,a, ,f,u,g,a,z,i,.
R,T, ,@,t,w,i,n,k,i,s,a,i,l,e,r,:, ,I,s, ,c,r,i,m,e, ,w,r,a,p,p,e,d, ,i,n, ,p,o,n,z,i, ,w,r,a,p,p,e,d, ,i,n, ,c,a,s,i,n,o,",", ,s,o,l,d, ,a,s, ,t,e,c,h,n,o,l,o,g,y,.,"
",I,t,',s, ,a, ,f,u,g,a,z,i,.
R,T, ,@,t,w,i,n,k,i,s,a,i,l,e,r,:, ,I,s, ,c,r,i,m,e, ,w,r,a,p,p,e,d, ,i,n, ,p,o,n,z,i, ,w,r,a,p,p,e,d, ,i,n, ,c,a,s,i,n,o,",", ,s,o,l,d, ,a,s, ,t,e,c,h,n,o,l,o,g,y,.,"
",I,t,',s, ,a, ,f,u,g,a,z,i,.
I,s, ,c,r,i,m,e, ,w,r,a,p,p,e,d, ,i,n, ,p,o,n,z,i, ,w,r,a,p,p,e,d, ,i,n, ,c,a,s,i,n,o,",", ,s,o,l,d, ,a,s, ,t,e,c,h,n,o,l,o,g,y,.,"
",I,t,',s, ,a, ,f,u,g,a,z,i,., ,h,t,t,p,s,:,/,/,t,.,c,o,/,g,M,N,7,R,X,B,L,Z,c
D,o,u,b,l,e, ,J,i,n,x,:, ,A, ,B,e,l,l,i,s,s,i,m,o, ,C,a,s,i,n,o, ,C,r,i,m,e, ,C,a,p,e,r, ,S,h,o,r,t, ,S,t,o,r,y, ,B,I,D,R,V,N,C,"
","
",h,t,t,p,s,:,/,/,t,.,c,o,/,L,e,D,R,J,X,5,S,b,0, ,h,t,t,p,s,:,/,/,t,.,c,o,/,r,s,x,z,c,4,G,R,J,T
G,M,G, ,T,V, ,-, ,B,a,c,k, ,H,o,m,e, ,Y,e,a,r,s, ,A,g,o,:, ,T,h,e, ,R,e,a,l, ,C,a,s,i,n,o, ,(,F,U,L,L, ,M,O,V,I,E, ,I,N, ,E,N,G,L,I,S,H, ,|, ,M,a,f,i,a, ,|, ,T,r,u,e, ,C,r,i,m,e,), ,-, ,Y,o,u,T,u,b,e, ,h,t,t,p,s,:,/,/,t,.,c,o,/,c,P,m,a,l,w,8,E,H,Y
R,T, ,@,T,h,i,s,P,a,t,t,s,:, ,‡πÇ,‡∏õ,‡∏™,‡πÄ,‡∏ï,‡∏≠,‡∏£,‡πå,‡πÄ,‡∏î,‡∏µ,‡πà,‡∏¢,‡∏ß,‡∏Ñ,‡∏∏,‡∏ì,‡∏ï,‡∏≥,‡∏£,‡∏ß,‡∏à,‡πÇ,‡∏≠,‡∏ã,‡∏∂,‡∏á,‡∏Æ,‡∏∏,‡∏ô,‡∏°,‡∏≤,‡πÅ,‡∏•,‡πâ,‡∏ß,"
","
",‡∏Ñ,‡∏≠,‡∏ô,‡πÄ,‡∏ü,‡∏¥,‡∏°,‡∏≠,‡∏¢,‡πà,‡∏≤,‡∏á,‡πÑ,‡∏°,‡πà,‡πÄ,‡∏õ,‡πá,‡∏ô,‡∏ó,‡∏≤,‡∏á,‡∏Å,‡∏≤,‡∏£, ,D,‡πÑ,‡∏ó,‡∏¢,‡∏™,‡∏ï,‡∏£,‡∏µ,‡∏°,‡∏ß,‡∏±,‡∏ô,‡∏ó,‡∏µ,‡πà, , ,2,1, ,‡∏ò,.,‡∏Ñ,., ,‡πÄ,‡∏´,‡∏°,‡∏∑,‡∏≠,‡∏ô,‡πÄ,‡∏Å,‡∏≤,‡∏´,‡∏ö,‡∏µ,‡∏Ñ,‡πà,‡∏∞,"
",#,B,i,g,B,e,t, ,#,C,a,s,i,n,o, ,#,S,o,‚Ä¶
‡πÇ,‡∏õ,‡∏™,‡πÄ,‡∏ï,‡∏≠,‡∏£,‡πå,‡πÄ,‡∏î,‡∏µ,‡πà,‡∏¢,‡∏ß,‡∏Ñ,‡∏∏,‡∏ì,‡∏ï,‡∏≥,‡∏£,‡∏ß,‡∏à,‡πÇ,‡∏≠,‡∏ã,‡∏∂,‡∏á,‡∏Æ,‡∏∏,‡∏ô,‡∏°,‡∏≤,‡πÅ,‡∏•,‡πâ,‡∏ß,"
","
",‡∏Ñ,‡∏≠,‡∏ô,‡πÄ,‡∏ü,‡∏¥,‡∏°,‡∏≠,‡∏¢,‡πà,‡∏≤,‡∏á,‡πÑ,‡∏°,‡πà,‡πÄ,‡∏õ,‡πá,‡∏ô,‡∏ó,‡∏≤,‡∏á,‡∏Å,‡∏≤,‡∏£, ,D,‡πÑ,‡∏ó,‡∏¢,‡∏™,‡∏ï,‡∏£,‡∏µ,‡∏°,‡∏ß,‡∏±,‡∏ô,‡∏ó,‡∏µ,‡πà, , ,2,1, ,‡∏ò,.,‡∏Ñ,., ,‡πÄ,‡∏´,‡∏°,‡∏∑,‡∏≠,‡∏ô,‡πÄ,‡∏Å,‡∏≤,‡∏´,‡∏ö,‡∏µ,‡∏Ñ,‡πà,‡∏∞,"
",#,B,i,g,B,e,t, ,#,C,a,s,i,n,o, ,#,S,o,n,S,u,k,k,u, ,#,‡∏ã,‡∏ô,‡∏ã,‡∏≠,‡∏Å,‡∏Å,‡∏π,"
","
",/,/,C,I,D,G, ,‡∏¢,‡πà,‡∏≠,‡∏°,‡∏≤,‡∏à,‡∏≤,‡∏Å, ,C,r,i,m,e, ,I,n,v,e,s,t,i,g,a,t,i,o,n, ,a,n,d, ,D,e,t,e,c,t,i,v,e, ,G,r,o,u,p, ,‡πÄ,‡∏õ,‡πá,‡∏ô,‡∏´,‡∏ô,‡πà,‡∏ß,‡∏¢,‡∏á,‡∏≤,‡∏ô,‡∏™,‡∏∑,‡∏ö,‡∏™,‡∏ß,‡∏ô,‡∏Ç,‡∏≠,‡∏á,‡∏Å,‡∏£,‡∏°,‡∏ï,‡∏≥,‡∏£,‡∏ß,‡∏à,‡∏ü,‡∏¥,‡∏•,‡∏¥,‡∏õ,‡∏õ,‡∏¥,‡∏ô,‡∏™,‡πå, ,h,t,t,p,s,:,/,/,t,.,c,o,/,L,D,y,n,9,g,w,j,L,u
R,T, ,@,B,B,n,o,t,I,N,y,o,u,r,A,R,E,A,:, ,T,H,I,S, ,I,S, ,M,Y, ,D,A,I,L,Y, ,R,E,M,I,N,D,E,R, ,T,H,A,T, ,R,I,',S, ,O,N,L,Y, ,C,R,I,M,E, , ,I,S, ,S,P,E,N,D,I,N,G, ,H,I,S, ,C,A,S,I,N,O, ,C,H,I,P,S,., ,h,t,t,p,s,:,/,/,t,.,c,o,/,Y,E,a,o,J,Y,B,I,b,B
T,H,I,S, ,I,S, ,M,Y, ,D,A,I,L,Y, ,R,E,M,I,N,D,E,R, ,T,H,A,T, ,R,I,',S, ,O,N,L,Y, ,C,R,I,M,E, , ,I,S, ,S,P,E,N,D,I,N,G, ,H,I,S, ,C,A,S,I,N,O, ,C,H,I,P,S,., ,h,t,t,p,s,:,/,/,t,.,c,o,/,Y,E,a,o,J,Y,B,I,b,B
M,a,c,a,u, ,p,o,l,i,c,e, ,a,l,s,o, ,r,e,c,e,i,v,e,d, ,e,v,i,d,e,n,c,e, ,c,o,l,l,e,c,t,e,d, ,b,y, ,t,h,e, ,W,e,n,z,h,o,u, ,a,u,t,h,o,r,i,t,i,e,s,",", ,w,h,i,c,h, ,w,a,s, ,u,s,e,d, ,t,o, ,b,u,i,l,d, ,t,h,e, ,M,a,c,a,u, ,c,a,s,e, ,a,g,a,i,n,s,t, ,M,r, ,C,h,a,u, ,a,n,d, ,h,i,s, ,a,l,l,e,g,e,d, ,a,s,s,o,c,i,a,t,e,s,.,"
","
",R,E,A,D, ,M,O,R,E, ,H,E,R,E,:, ,h,t,t,p,s,:,/,/,t,.,c,o,/,v,f,f,f,Q,R,3,D,T,t,"
","
",#,M,a,c,a,u, ,#,S,u,n,c,i,t,y, ,#,j,u,n,k,e,t, ,#,l,a,w, ,#,c,r,i,m,e, ,#,c,a,s,i,n,o, ,#,g,a,m,b,l,i,n,g, ,#,c,a,s,i,n,o,n,e,w,s, ,#,g,a,m,b,l,i,n,g,n,e,w,s
T,h,e, ,l,a,t,e,s,t, ,b,u,s,t, ,i,s, ,j,u,s,t, ,o,n,e, ,o,f, ,m,a,n,y, ,t,h,a,t, ,h,a,v,e, ,t,u,r,n,e,d, ,#,T,h,a,i,l,a,n,d, ,i,n,t,o, ,a, ,b,i,t, ,o,f, ,a, ,h,o,t,s,p,o,t, ,f,o,r, ,#,i,l,l,e,g,a,l,g,a,m,b,l,i,n,g, ,b,u,s,i,n,e,s,s,e,s,.,"
","
",R,E,A,D, ,M,O,R,E, ,H,E,R,E,:, ,h,t,t,p,s,:,/,/,t,.,c,o,/,p,k,A,Q,3,2,Y,Z,H,U,"
","
",#,g,a,m,b,l,i,n,g, ,#,b,e,t,t,i,n,g, ,#,g,a,m,i,n,g, ,#,c,a,s,i,n,o,o,n,l,i,n,e, ,#,o,n,l,i,n,e,c,a,s,i,n,o, ,#,l,a,w, ,#,c,r,i,m,e, ,#,g,a,m,b,l,i,n,g,n,e,w,s, ,#,c,a,s,i,n,o, ,#,c,a,s,i,n,o,n,e,w,s, ,#,o,n,l,i,n,e,g,a,m,b,l,i,n,g
S,o,u,t,h, ,K,o,r,e,a, ,A,w,a,i,t,s, ,E,x,t,r,a,d,i,t,i,o,n, ,o,f, ,S,u,s,p,e,c,t, ,L,i,n,k,e,d, ,t,o, ,$,1,3,.,4,B, ,L,a,n,d,i,n,g, ,C,a,s,i,n,o, ,T,h,e,f,t,"
","
",R,E,A,D, ,M,O,R,E, ,H,E,R,E,:, ,h,t,t,p,s,:,/,/,t,.,c,o,/,Q,p,N,H,1,I,9,u,g,r,"
","
",#,c,a,s,i,n,o, ,#,t,h,e,f,t, ,#,g,a,m,b,l,i,n,g, ,#,b,e,t,t,i,n,g, ,#,g,a,m,i,n,g, ,#,c,a,s,i,n,o,n,e,w,s, ,#,g,a,m,b,l,i,n,g,n,e,w,s, ,#,l,a,w, ,#,c,r,i,m,e, ,#,S,o,u,t,h,K,o,r,e,a, ,h,t,t,p,s,:,/,/,t,.,c,o,/,v,L,V,4,v,v,H,1,H,7
Y,o,u, ,c,a,n, ,f,i,n,d, ,t,h,e, ,K,i,n,g,s, ,R,o,m,a,n,s, ,C,a,s,i,n,o, ,i,n, ,L,a,o,s, ,n,e,x,t, ,t,o, ,t,h,e, ,M,e,k,o,n,g, ,r,i,v,e,r, ,i,n, ,t,h,i,s, ,v,i,d,e,o, ,f,o,o,t,a,g,e,.,.,.,"
","
",A,s,i,a,‚Äô,s, ,s,c,a,m,d,e,m,i,c,:, ,H,o,w, ,C,O,V,I,D,-,1,9, ,s,u,p,e,r,c,h,a,r,g,e,d, ,o,n,l,i,n,e, ,c,r,i,m,e,"
",I,n,t,e,r,n,e,t, ,p,r,e,d,a,t,o,r,s, ,a,r,e, ,o,f,t,e,n, ,t,h,e, ,p,r,e,y, ,i,n, ,T,h,a,i,l,a,n,d,‚Äô,s, ,l,a,w,l,e,s,s, ,b,o,r,d,e,r, ,z,o,n,e,s, ,"
","
",h,t,t,p,s,:,/,/,t,.,c,o,/,1,K,4,P,0,K,Z,V,O,y, ,h,t,t,p,s,:,/,/,t,.,c,o,/,4,d,h,c,y,7,K,l,z,z
W,h,a,t, ,#,p,r,a,g,m,a,t,i,c,p,l,a,y, ,d,i,d, ,t,o, ,s,o,m,e, ,s,l,o,t,s, ,o,n, ,t,h,e, ,#,s,t,a,k,e, ,p,l,a,t,f,o,r,m, ,i,s, ,a, ,c,r,i,m,e,., ,T,h,e,y, ,r,i,g,g,e,d, ,s,e,v,e,r,a,l, ,o,l,d, ,s,l,o,t,s, ,(,m,e,g,a,w,a,y,s,),.,"
","
",#,f,r,a,u,d, ,#,s,l,o,t,s, ,#,c,a,s,i,n,o, ,#,c,a,s,i,n,o,o,n,l,i,n,e, ,#,c,a,s,i,n,o,s,t,a,r, ,#,h,o,u,s,e,s, ,#,g,a,m,i,n,g, ,#,i,g,a,m,i,n,g, ,#,b,e,t,t,i,n,g, ,#,b,e,t,t,i,n,g,t,i,p,s, ,#,g,a,m,b,l,i,n,g, ,#,g,a,m,b,l,e, ,#,o,d,d,s, ,#,m,o,n,t,h,l,y, ,h,t,t,p,s,:,/,/,t,.,c,o,/,m,W,i,x,g,7,E,N,A,k
R,T, ,@,D,e,e,p,C,o,v,e,r,S,h,o,w,:, ,#,I,C,Y,M,I, ,E,P,4, ,S,3,:, ,D,e,e,p, ,C,o,v,e,r, ,T,h,e, ,R,e,a,l, ,#,D,o,n,n,i,e,B,r,a,s,c,o, ,#,P,o,d,c,a,s,t, ,@,j,a,m,s,t,r,e,e,t,m,e,d,i,a,"
","
",üéß,D,i,f,f,e,r,e,n,c,e,s,:, ,S,o,n,n,y, ,B,l,a,c,k, ,&,a,m,p,;, ,L,e,f,t,y,"
",üéß,C,a,s,i,n,o, ,C,r,i,‚Ä¶
h,t,t,p,s,:,/,/,t,.,c,o,/,l,r,B,1,s,Q,N,d,o,k, ,J,u,s,t, ,w,h,a,t, ,t,h,e, ,p,e,o,p,l,e, ,o,f, ,P,o,r,t,s,m,o,u,t,h, ,n,e,e,d,",", ,s,o,m,e,t,h,i,n,g, ,e,l,s,e, ,t,o, ,t,a,k,e, ,t,h,e,i,r, ,m,o,n,e,y,",", ,a,n,d, ,b,r,i,n,g, ,i,n, ,m,o,r,e, ,c,r,i,m,e,!
@,b,l,u,e,h,e,a,r,t,e,d,l,y, ,Y,e,a,r,s, ,a,g,o,",", ,T,r,u,m,p, ,a,p,p,l,i,e,d, ,f,o,r, ,a, ,C,a,s,i,n,o, ,l,i,c,e,n,s,e, ,i,n, ,A,u,s,t,r,a,l,i,a,",", ,b,u,t, ,w,a,s, ,r,e,j,e,c,t,e,d, ,b,e,c,a,u,s,e, ,a, ,s,e,c,u,r,i,t,y, ,c,h,e,c,k, ,i,d,e,n,t,i,f,i,e,d, ,t,o,o, ,m,a,n,y, ,c,o,n,n,e,c,t,i,o,n,s, ,t,o, ,o,r,g,a,n,i,s,e,d, ,c,r,i,m,e,.,"
","
",h,t,t,p,s,:,/,/,t,.,c,o,/,k,I,t,1,G,l,P,E,X,A
@,K,a,t,e,5,4,6,6, ,@,R,e,p,M,T,G, ,@,K,a,r,i,L,a,k,e, ,V,o,t,e, ,c,o,u,n,t,i,n,g, ,i,s, ,m,u,c,h, ,l,i,k,e, ,c,a,r,d, ,c,o,u,n,t,i,n,g, ,i,n, ,g,a,m,b,l,i,n,g, ,a,n,d, ,i,t, ,s,h,o,u,l,d, ,b,e, ,a, ,c,r,i,m,e,., , ,I,n, ,V,e,g,a,s,",", , ,c,a,r,d, ,c,o,u,n,t,i,n,g, ,g,e,t,s, ,y,o,u, ,e,j,e,c,t,e,d, ,f,r,o,m, ,t,h,e, ,c,a,s,i,n,o,",", , ,e,s,p,e,c,i,a,l,l,y, ,i,f, ,w,i,n,n,i,n,g, ,a,l, ,t,h,e, ,t,i,m,e,., ,"
","
",C,a,n,',t, ,c,o,u,n,t,",", , ,c,a,n,',t, ,c,h,e,a,t
@,P,r,o,u,d,E,l,e,p,h,a,n,t,U,S, ,@,C,a,s,i,n,o,_,D,i,v,a, ,N,o,p,e,",", ,‚Äú,v,o,t,e, ,b,l,u,e, ,n,o, ,m,a,t,t,e,r, ,w,h,o,‚Äù,., , ,"
","
",A,s, ,l,o,n,g, ,a,s, ,a, ,D,e,m,o,c,r,a,t, ,w,i,n,s,",", ,t,h,e,y, ,d,o, ,n,o,t, ,c,a,r,e, ,h,o,w, ,a,w,f,u,l, ,t,h,e,i,r, ,s,t,a,t,e,/,c,i,t,i,e,s, ,l,o,o,k,",", ,t,h,e, ,h,i,g,h, ,c,r,i,m,e,",", ,o,r, ,t,h,e, ,m,a,s,s,i,v,e, ,n,u,m,b,e,r,s, ,o,f, ,h,o,m,e,l,e,s,s, ,o,n, ,s,i,d,e,w,a,l,k,s,., ,"
","
",A,s,k, ,C,a,l,i,f,o,r,n,i,a,.
@,r,o,b,r,e,i,n,e,r, ,I,s,n,',t, ,t,h,a,t, ,w,h,a,t, ,D,e,N,i,r,o, ,s,a,i,d, ,i,n, ,"""",C,a,s,i,n,o,?,"""", ,"""",P,i,c,k, ,a, ,c,r,i,m,e,., , ,A,n,y, ,c,r,i,m,e,.,"""", ,-,-,-,-, ,?
T,h,e, ,n,e,w,s, ,h,a,s, ,b,e,e,n, ,b,r,o,u,g,h,t, ,t,o, ,y,o,u, ,b,y, ,t,h,e, ,V,i,k,k,i, ,a,n,d, ,V,a,n,c,e, ,C,a,s,i,n,o,., ,V,i,k,k,i, ,a,n,d, ,V,a,n,c,e,:, ,b,e, ,o,u,r, ,p,a,r,t,n,e,r,s, ,i,n, ,c,r,i,m,e,.
P,o,l,i,c,e, ,i,n, ,T,h,a,i,l,a,n,d, ,h,a,s, ,r,e,p,o,r,t,e,d, ,a, ,n,e,w, ,s,u,c,c,e,s,s, ,a,g,a,i,n,s,t, ,i,l,l,e,g,a,l, ,g,a,m,b,l,i,n,g, ,h,a,v,i,n,g, ,c,r,a,c,k,e,d, ,d,o,w,n, ,o,n, ,a,n, ,u,n,d,e,r,g,r,o,u,n,d, ,n,e,t,w,o,r,k, ,t,h,a,t, ,m,a,y, ,b,e, ,l,i,n,k,e,d, ,t,o, ,t,h,e, ,o,p,e,r,a,t,i,o,n, ,o,f, ,a,s, ,m,a,n,y, ,a,s, ,5,0,0, ,i,l,l,e,g,a,l, ,g,a,m,b,l,i,n,g, ,w,e,b,s,i,t,e,s,.,"
","
",#,c,a,s,i,n,o, ,#,c,r,i,m,e, ,#,t,h,a,i,l,a,n,d, ,"
","
",h,t,t,p,s,:,/,/,t,.,c,o,/,J,p,3,x,T,2,r,E,2,V
R,T, ,@,M,e,c,h,D,a,r,a,1,:, ,M,o,r,e, ,e,v,i,d,e,n,c,e, ,a,b,o,u,t, ,p,o,w,e,r,f,u,l, ,o,k,h,n,a, ,t,h,a,t, ,i,n,v,o,l,v,e,d, ,w,i,t,h, ,s,c,a,m,-,-,"
",H,e, ,s,a,i,d, ,t,h,e,y, ,w,e,r,e, ,t,o, ,w,o,r,k, ,i,n, ,o,n,l,i,n,e, ,g,a,m,b,l,i,n,g, ,o,p,e,r,a,t,i,o,n,s,",", ,b,u,t, ,c,a,‚Ä¶
K,i,l,l,e,r, ,o,f, ,R,i,v,e,r, ,R,o,c,k, ,c,a,s,i,n,o, ,l,o,a,n, ,s,h,a,r,k, ,s,e,e,k,s, ,e,a,r,l,y, ,p,a,r,o,l,e, ,#,c,r,i,m,e, ,#,r,i,c,h,m,o,n,d,b,c, ,#,b,c,p,o,l,i, ,#,c,d,n,p,o,l,i, ,#,v,a,n,R,E, ,#,V,a,n,c,o,u,v,e,r,m,o,d,e,l, ,#,g,a,m,b,l,i,n,g, , ,h,t,t,p,s,:,/,/,t,.,c,o,/,J,I,p,j,M,D,J,H,y,u
@,C,r,i,m,e,_,_,S,o,l,v,e,r, ,W,i,l,l,o,w, ,i,s, ,w,e,l,l, ,k,n,o,w,n, ,f,o,r, ,r,u,n,n,i,n,g, ,t,h,e, ,m,o,s,t, ,t,r,u,s,t,w,o,r,t,h,y, ,c,a,s,i,n,o, ,o,n, ,t,h,e, ,p,l,a,n,e,t,",", ,a,n,d, ,M,u,k,u,r,o, ,l,i,k,e,l,y, ,o,u,t,r,a,n,k,s, ,a,n,y, ,m,i,l,i,t,a,r,y, ,m,e,m,b,e,r, ,i,n, ,t,h,e, ,v,i,c,i,n,i,t,y,.,"
","
",B,u,t, ,t,h,e,y,',l,l, ,k,e,e,p, ,a,n, ,e,y,e, ,o,u,t,",", ,c,e,r,t,a,i,n,l,y,.,"
","
",A,s, ,f,o,r, ,t,s,u,m,u,g,i,",", ,I, ,d,o,n,',t, ,s,u,p,p,o,s,e, ,K,y,o,k,o, ,m,i,n,d,s, ,i,f, ,s,h,e, ,m,e,e,t,s, ,u,p, ,w,i,t,h, ,h,e,r, ,s,o,m,e,w,h,e,r,e,.,.,.,?
R,T, ,@,V,O,D,_,E,n,g,l,i,s,h,:, ,T,w,o, ,N,a,g,a,W,o,r,l,d, ,u,n,i,o,n,i,s,t,s, ,h,a,v,e, ,b,e,e,n, ,q,u,e,s,t,i,o,n,e,d, ,i,n, ,t,h,e, ,P,h,n,o,m, ,P,e,n,h, ,M,u,n,i,c,i,p,a,l, ,C,o,u,r,t, ,o,v,e,r, ,b,r,e,a,k,i,n,g, ,a,n,d, ,e,n,t,e,r,i,n,g,",", ,i,n,t,e,n,t,i,o,n,a,l, ,d,a,m,‚Ä¶
@,_,s,e,l,f,d,i,a,g,n,o,s,e,d, ,@,R,a,c,h,e,l,A,m,b,e,r,4,8, ,@,E,v,e,r,t,o,n,_,_,C,h,r,i,s, ,@,C,l,o,w,n,W,o,r,l,d,_, ,I, ,l,i,v,e, ,i,n, ,a, ,c,a,s,i,n,o, ,t,o,w,n, ,y,o,u, ,c,a,n,‚Äô,t, ,j,u,s,t, ,c,o,m,m,i,t, ,a, ,c,r,i,m,e, ,o,n, ,a, ,r,e,s,e,r,v,a,t,i,o,n, ,a,n,d, ,i,t,‚Äô,s, ,l,i,k,e, ,a, ,g,r,e,y, ,z,o,n,e,.
N,o,t, ,t,o, ,b,e, ,t,h,a,t, ,P,e,r,s,o,n, ,m,a, ,a, ,m,e, ,E,l,i,s,a, ,T,r,u,e, ,C,r,i,m,e, ,n,o,n, ,p,i,a,c,e, ,p,e,r,c,h,√©, ,q,u,e,l, ,v,i,d,e,o, ,√®, ,p,i,e,n,o, ,z,e,p,p,o, ,d,i, ,i,m,p,r,e,c,i,s,i,o,n,i, ,s,e, ,n,o,n, ,p,r,o,p,r,i,o, ,e,r,r,o,r,i, ,e, ,q,u,i,n,d,i, ,s,e, ,p,e,r, ,u,n, ,c,a,s,o, ,c,o,s,√¨, ,n,o,t,o, ,h,a, ,f,a,t,t,o, ,t,u,t,t,o, ,q,u,e,l, ,c,a,s,i,n,o,",", ,c,o,s,a, ,m,i, ,d,i,c,e, ,c,h,e, ,g,l,i, ,a,l,t,r,i, ,s,i,a,n,o, ,f,a,t,t,i, ,e,f,f,e,t,t,i,v,a,m,e,n,t,e, ,b,e,n,e,?, ,h,t,t,p,s,:,/,/,t,.,c,o,/,T,X,w,E,M,l,w,4,X,f
M,o,r,e, ,e,v,i,d,e,n,c,e, ,a,b,o,u,t, ,p,o,w,e,r,f,u,l, ,o,k,h,n,a, ,t,h,a,t, ,i,n,v,o,l,v,e,d, ,w,i,t,h, ,s,c,a,m,-,-,"
",H,e, ,s,a,i,d, ,t,h,e,y, ,w,e,r,e, ,t,o, ,w,o,r,k, ,i,n, ,o,n,l,i,n,e, ,g,a,m,b,l,i,n,g, ,o,p,e,r,a,t,i,o,n,s,",", ,b,u,t, ,c,a,l,l,e,d, ,t,h,i,s, ,‚Äú,l,e,g,i,t,i,m,a,t,e,.,‚Äù, ,H,e, ,a,l,s,o, ,d,i,d, ,n,o,t, ,e,x,p,l,a,i,n, ,w,h,y, ,t,h,e, ,r,a,i,d, ,w,a,s, ,m,a,d,e, ,a,t, ,t,h,e, ,h,o,t,e,l, ,a,n,d, ,n,o,t, ,t,h,e, ,L,Y,P, ,G,r,o,u,p, ,c,a,s,i,n,o, ,c,o,m,p,o,u,n,d,., ,h,t,t,p,s,:,/,/,t,.,c,o,/,T,f,U,S,7,J,h,7,v,q
R,T, ,@,V,i,c,t,o,r,i,a,P,o,l,i,c,e,:, ,D,o, ,y,o,u, ,k,n,o,w, ,t,h,i,s, ,m,a,n,?,"
","
",P,o,l,i,c,e, ,b,e,l,i,e,v,e, ,h,e, ,c,a,n, ,h,e,l,p, ,t,h,e,m, ,w,i,t,h, ,t,h,e,i,r, ,e,n,q,u,i,r,i,e,s, ,i,n,t,o, ,a,n, ,i,n,c,i,d,e,n,t, ,a,t, ,C,r,o,w,n, ,C,a,s,i,n,o,.,"
","
",A,t, ,1,2,:,3,0,‚Ä¶
T,h,e, ,n,e,w,s, ,h,a,s, ,b,e,e,n, ,b,r,o,u,g,h,t, ,t,o, ,y,o,u, ,b,y, ,t,h,e, ,V,i,k,k,i, ,a,n,d, ,V,a,n,c,e, ,C,a,s,i,n,o,., ,V,i,k,k,i, ,a,n,d, ,V,a,n,c,e,:, ,b,e, ,o,u,r, ,p,a,r,t,n,e,r,s, ,i,n, ,c,r,i,m,e,.
T,h,e,r,e, ,a,r,e, ,t,h,o,s,e, ,w,h,o, ,s,t,i,l,l, ,m,a,i,n,t,a,i,n, ,c,o,m,m,u,n,i,t,i,e,s, ,s,h,o,u,l,d,n,',t, ,e,x,p,e,c,t, ,a,n,y, ,u,p,t,i,c,k,s, ,i,n, ,c,r,i,m,e, ,w,h,e,n, ,C,a,s,i,n,o,',s, ,o,p,e,n, ,u,p, ,n,e,a,r,b,y,., ,D,o, ,t,h,e,y, ,c,o,n,v,e,n,i,e,n,t,l,y, ,f,o,r,g,e,t, ,N,o,r,t,h, ,A,m,e,r,i,c,a,s, ,d,e,a,d,l,i,e,s,t, ,m,o,d,e,r,n, ,d,a,y, ,m,a,s,s, ,s,h,o,o,t,i,n,g, ,t,o,o,k, ,p,l,a,c,e, ,a,t, ,a, ,C,a,s,i,n,o, ,v,i,a, ,a,n, ,u,n,a,s,s,u,m,i,n,g, ,g,a,m,b,l,e,r,?, ,@,G,A,M,B,U,Z,Z,N,E,W,S, , ,h,t,t,p,s,:,/,/,t,.,c,o,/,E,g,L,Q,a,H,o,E,M,j, ,h,t,t,p,s,:,/,/,t,.,c,o,/,v,y,k,H,Z,R,Z,y,6,4
A,t,t,a,c,k, ,t,h,e,s,e, ,t,w,o, ,o,n, ,s,i,g,h,t,-, ,y,o,u, ,w,o,n,',t, ,b,e, ,c,h,a,r,g,e,d, ,w,i,t,h, ,a,n,y, ,c,r,i,m,e,., ,T,h,o,s,e, ,w,h,o, ,h,a,v,e, ,a,t,t,a,c,k,e,d, ,t,h,e,m, ,w,i,l,l, ,g,e,t, ,t,h,e,i,r, ,d,e,b,t,s, ,t,o, ,t,h,e, ,c,a,s,i,n,o, ,w,r,i,t,t,e,n, ,o,f,f,., ,M,o,r,e,o,v,e,r,",", ,t,h,o,s,e, ,w,h,o, ,w,o,u,n,d, ,t,h,e,m, ,e,a,r,n, ,1,0,",",0,0,0, ,d,o,l,l,a,r,s,., ,1,0,0,",",0,0,0, ,f,o,r, ,k,n,o,c,k,i,n,g, ,t,h,e,m, ,u,n,c,o,n,s,c,i,o,u,s,",", ,1,",",0,0,0,",",0,0,0, ,f,o,r, ,k,i,I,I,i,n,g, ,t,h,e,m,.
R,T, ,@,W,A,T,U,P,W,I,T,D,A,T,4,:, ,V,O,T,E, ,K,A,T,H,Y, ,H,O,U,C,H,U,L, ,&,a,m,p,;, ,T,I,S,H, ,J,A,M,E,S, ,O,U,T,., ,T,h,e,y, ,A,i,n,',t, ,d,o,n,e, ,a, ,d,a,m,n, ,t,h,i,n,g, ,a,b,o,u,t, ,G,u,n, ,V,i,o,l,e,n,c,e, ,a,n,d, ,C,r,i,m,e,., ,T,i,s,h, ,w,a,i,t,e,d, ,2, ,y,e,a,r,s, ,a,n,d, ,d,‚Ä¶
@,W,a,l,t,_,K,o,w,a,I,s,k,i, ,C,z,a,r,n,o,b,y,l,",", ,C,r,i,m,e, ,S,t,o,r,y,",", ,C,a,s,i,n,o,.
@,T,h,e,A,s,t,u,t,e,G,a,l,o,o,t, ,A,l,w,a,y,s, ,h,a,s, ,b,e,e,n,;, ,s,a,m,e, ,t,r,a,n,s,n,a,t,i,o,n,a,l, ,o,r,g,a,n,i,z,e,d, ,c,r,i,m,e,",", ,d,i,f,f,e,r,e,n,t, ,b,u,i,l,d,i,n,g, ,ü§∑,‚Äç,‚ôÄ,Ô∏è,"
","
",h,t,t,p,s,:,/,/,t,.,c,o,/,Z,8,a,3,E,s,z,p,o,2
I,t,',s, ,A,L,W,A,Y,S, ,B,E,E,N, ,t,r,a,n,s,n,a,t,i,o,n,a,l, ,g,l,o,b,a,l, ,c,r,i,m,e, ,#,M,A,G,A, ,#,T,r,u,m,p,I,s,D,o,n,e,"
","
",h,t,t,p,s,:,/,/,t,.,c,o,/,Z,8,a,3,E,s,z,p,o,2
R,T, ,@,V,O,D,_,E,n,g,l,i,s,h,:, ,T,w,o, ,N,a,g,a,W,o,r,l,d, ,u,n,i,o,n,i,s,t,s, ,h,a,v,e, ,b,e,e,n, ,q,u,e,s,t,i,o,n,e,d, ,i,n, ,t,h,e, ,P,h,n,o,m, ,P,e,n,h, ,M,u,n,i,c,i,p,a,l, ,C,o,u,r,t, ,o,v,e,r, ,b,r,e,a,k,i,n,g, ,a,n,d, ,e,n,t,e,r,i,n,g,",", ,i,n,t,e,n,t,i,o,n,a,l, ,d,a,m,‚Ä¶
R,T, ,@,D,e,e,p,C,o,v,e,r,S,h,o,w,:, ,E,P,4, ,S,3,:, ,D,e,e,p, ,C,o,v,e,r, ,T,h,e, ,R,e,a,l, ,D,o,n,n,i,e, ,B,r,a,s,c,o, ,#,P,o,d,c,a,s,t, ,@,j,a,m,s,t,r,e,e,t,m,e,d,i,a,"
","
",üéß,R,e,l,a,t,i,o,n,s,h,i,p,:, ,#,D,o,n,n,i,e,B,r,a,s,c,o, ,&,a,m,p,;, ,S,o,n,n,y, ,B,l,a,c,k,"
",üéß,C,a,s,i,n,o, ,C,‚Ä¶
